poltype	hbtype	mean	stddev
1ALAGLY	('2_B_N', '7_C_C')	0.03	0.01
1ALAGLY	('4_B_N', '5_C_O')	0.6	0.06
1ALAGLY	('3_C_O', '6_B_N')	0.54	0.06
1ALAGLY	('2_C_O', '7_B_N')	0.87	0.01
1ALAGLY	('3_B_N', '6_C_O')	0.3	0.02
1ALAGLY	('4_C_O', '5_B_N')	0.64	0.04
1ALAGLY	('2_B_N', '7_C_OT1')	0.53	0.27
1ALAGLY	('2_C_O', '6_B_CA')	0.03	0.02
1ALA	('4_B_N', '5_C_O')	0.77	0.02
1ALA	('3_C_O', '6_B_N')	0.68	0.01
1ALA	('2_C_O', '7_B_N')	0.83	0.03
1ALA	('4_C_O', '5_B_N')	0.77	0.02
1ALA	('3_B_N', '6_C_O')	0.5	0.03
1ALA	('2_B_N', '7_C_C')	0.52	0.21
1ALA	('2_B_N', '7_C_OT1')	0.04	0.0
1ALA	('2_C_O', '6_B_CA')	0.01	0.0
2ASN	('2_B_N', '7_C_OT1')	0.24	0.32
2ASN	('3_C_O', '6_B_N')	0.4	0.14
2ASN	('4_C_O', '5_B_N')	0.6	0.2
2ASN	('3_B_N', '6_C_O')	0.43	0.04
2ASN	('4_B_N', '5_C_O')	0.67	0.11
2ASN	('2_C_O', '7_B_N')	0.76	0.06
2ASN	('2_C_O', '6_B_CA')	0.07	0.05
2ASN	('2_B_N', '7_C_C')	0.06	0.06
1GLY	('4_B_N', '5_C_O')	0.5	0.04
1GLY	('3_C_O', '6_B_N')	0.39	0.07
1GLY	('2_C_O', '7_B_N')	0.48	0.3
1GLY	('4_C_O', '5_B_N')	0.44	0.1
1GLY	('3_B_N', '6_C_O')	0.15	0.11
1GLY	('2_B_N', '7_C_OT1')	0.64	0.14
1GLY	('2_B_N', '7_C_C')	0.15	0.16
1GLY	('2_C_O', '6_B_CA')	0.0	0.0
3ILE	('2_B_N', '7_C_OT1')	0.65	0.35
3ILE	('4_B_N', '5_C_O')	0.52	0.08
3ILE	('3_C_O', '6_B_N')	0.39	0.14
3ILE	('2_C_O', '7_B_N')	0.78	0.07
3ILE	('4_C_O', '5_B_N')	0.48	0.13
3ILE	('3_B_N', '6_C_O')	0.27	0.17
3ILE	('2_B_N', '7_C_C')	0.06	0.03
3ILE	('2_C_O', '6_B_CA')	0.16	0.04
2THR	('2_B_N', '7_C_OT1')	0.54	0.23
2THR	('4_B_N', '5_C_O')	0.56	0.17
2THR	('3_C_O', '6_B_N')	0.33	0.21
2THR	('2_C_O', '7_B_N')	0.6	0.19
2THR	('4_C_O', '5_B_N')	0.47	0.13
2THR	('3_B_N', '6_C_O')	0.28	0.13
2THR	('2_C_O', '6_B_CA')	0.05	0.03
2THR	('2_B_N', '7_C_C')	0.01	0.01
3VAL	('2_B_N', '7_C_OT1')	0.91	0.04
3VAL	('4_B_N', '5_C_O')	0.67	0.14
3VAL	('2_C_O', '7_B_N')	0.88	0.02
3VAL	('4_C_O', '5_B_N')	0.72	0.22
3VAL	('3_C_O', '6_B_N')	0.31	0.16
3VAL	('3_B_N', '6_C_O')	0.21	0.13
3VAL	('2_B_N', '7_C_C')	0.03	0.01
3VAL	('2_C_O', '6_B_CA')	0.17	0.03
