reptype	poltype	hbtype	occurence
menton_set	1ALAGLY	('B_7_C', 'C_2_N')	0.02
menton_set	1ALAGLY	('B_7_OT2', 'C_2_N')	0.0
menton_set	1ALAGLY	('B_5_O', 'C_4_N')	0.58
menton_set	1ALAGLY	('B_3_O', 'C_6_N')	0.56
menton_set	1ALAGLY	('B_7_N', 'C_2_O')	0.86
menton_set	1ALAGLY	('B_3_N', 'C_6_O')	0.33
menton_set	1ALAGLY	('B_5_N', 'C_4_O')	0.68
menton_set	1ALAGLY	('B_7_OT1', 'C_2_N')	0.69
menton_set	1ALA	('B_7_OT2', 'C_2_N')	0.82
menton_set	1ALA	('B_5_O', 'C_4_N')	0.79
menton_set	1ALA	('B_3_O', 'C_6_N')	0.67
menton_set	1ALA	('B_7_N', 'C_2_O')	0.83
menton_set	1ALA	('B_5_N', 'C_4_O')	0.74
menton_set	1ALA	('B_3_N', 'C_6_O')	0.47
menton_set	1ALA	('B_7_C', 'C_2_N')	0.23
menton_set	1ALA	('B_7_OT1', 'C_2_N')	0.04
menton_set	2ASN	('B_7_OT1', 'C_2_N')	0.69
menton_set	2ASN	('B_3_O', 'C_6_N')	0.27
menton_set	2ASN	('B_5_N', 'C_4_O')	0.48
menton_set	2ASN	('B_3_N', 'C_6_O')	0.46
menton_set	2ASN	('B_5_O', 'C_4_N')	0.52
menton_set	2ASN	('B_7_N', 'C_2_O')	0.74
menton_set	2ASN	('B_7_C', 'C_2_N')	0.02
menton_set	2ASN	('B_7_OT2', 'C_2_N')	0.27
menton_set	1GLY	('B_5_O', 'C_4_N')	0.55
menton_set	1GLY	('B_3_O', 'C_6_N')	0.45
menton_set	1GLY	('B_7_N', 'C_2_O')	0.75
menton_set	1GLY	('B_5_N', 'C_4_O')	0.57
menton_set	1GLY	('B_3_N', 'C_6_O')	0.28
menton_set	1GLY	('B_7_OT1', 'C_2_N')	0.83
menton_set	1GLY	('B_7_C', 'C_2_N')	0.04
menton_set	3ILE	('B_7_OT1', 'C_2_N')	0.93
menton_set	3ILE	('B_5_O', 'C_4_N')	0.42
menton_set	3ILE	('B_3_O', 'C_6_N')	0.44
menton_set	3ILE	('B_7_N', 'C_2_O')	0.83
menton_set	3ILE	('B_5_N', 'C_4_O')	0.33
menton_set	3ILE	('B_3_N', 'C_6_O')	0.37
menton_set	3ILE	('B_7_C', 'C_2_N')	0.08
menton_set	2THR	('B_7_OT1', 'C_2_N')	0.68
menton_set	2THR	('B_5_O', 'C_4_N')	0.76
menton_set	2THR	('B_3_O', 'C_6_N')	0.62
menton_set	2THR	('B_7_N', 'C_2_O')	0.78
menton_set	2THR	('B_5_N', 'C_4_O')	0.64
menton_set	2THR	('B_3_N', 'C_6_O')	0.41
menton_set	2THR	('B_7_C', 'C_2_N')	0.01
menton_set	3VAL	('B_7_OT1', 'C_2_N')	0.93
menton_set	3VAL	('B_5_O', 'C_4_N')	0.74
menton_set	3VAL	('B_7_N', 'C_2_O')	0.9
menton_set	3VAL	('B_5_N', 'C_4_O')	0.88
menton_set	3VAL	('B_3_O', 'C_6_N')	0.43
menton_set	3VAL	('B_3_N', 'C_6_O')	0.26
menton_set	3VAL	('B_7_C', 'C_2_N')	0.02
menton_set	3VAL	('B_2_N', 'C_7_OT2')	0.01
menton_set	3VAL	('B_7_OT2', 'C_2_N')	0.0
tyroneP_set	1ALAGLY	('B_7_OT2', 'C_2_N')	0.04
tyroneP_set	1ALAGLY	('B_5_O', 'C_4_N')	0.68
tyroneP_set	1ALAGLY	('B_3_O', 'C_6_N')	0.59
tyroneP_set	1ALAGLY	('B_7_N', 'C_2_O')	0.89
tyroneP_set	1ALAGLY	('B_5_N', 'C_4_O')	0.67
tyroneP_set	1ALAGLY	('B_3_N', 'C_6_O')	0.27
tyroneP_set	1ALAGLY	('B_7_C', 'C_2_N')	0.02
tyroneP_set	1ALAGLY	('B_7_OT1', 'C_2_N')	0.74
tyroneP_set	1ALA	('B_7_C', 'C_2_N')	0.64
tyroneP_set	1ALA	('B_5_O', 'C_4_N')	0.76
tyroneP_set	1ALA	('B_3_O', 'C_6_N')	0.69
tyroneP_set	1ALA	('B_7_N', 'C_2_O')	0.87
tyroneP_set	1ALA	('B_5_N', 'C_4_O')	0.78
tyroneP_set	1ALA	('B_3_N', 'C_6_O')	0.49
tyroneP_set	1ALA	('B_7_OT2', 'C_2_N')	0.8
tyroneP_set	1ALA	('B_7_OT1', 'C_2_N')	0.04
tyroneP_set	2ASN	('B_5_O', 'C_4_N')	0.75
tyroneP_set	2ASN	('B_3_O', 'C_6_N')	0.33
tyroneP_set	2ASN	('B_5_N', 'C_4_O')	0.88
tyroneP_set	2ASN	('B_3_N', 'C_6_O')	0.37
tyroneP_set	2ASN	('B_7_N', 'C_2_O')	0.71
tyroneP_set	2ASN	('B_7_OT2', 'C_2_N')	0.66
tyroneP_set	2ASN	('B_7_C', 'C_2_N')	0.02
tyroneP_set	2ASN	('B_2_N', 'C_7_OT2')	0.04
tyroneP_set	2ASN	('B_2_N', 'C_7_C')	0.0
tyroneP_set	2ASN	('B_7_OT1', 'C_2_N')	0.0
tyroneP_set	1GLY	('B_7_C', 'C_2_N')	0.38
tyroneP_set	1GLY	('B_7_OT1', 'C_2_N')	0.59
tyroneP_set	1GLY	('B_5_O', 'C_4_N')	0.5
tyroneP_set	1GLY	('B_3_O', 'C_6_N')	0.44
tyroneP_set	1GLY	('B_5_N', 'C_4_O')	0.43
tyroneP_set	1GLY	('B_3_N', 'C_6_O')	0.17
tyroneP_set	1GLY	('B_7_OT2', 'C_2_N')	0.23
tyroneP_set	1GLY	('B_6_CA', 'C_3_CA')	0.0
tyroneP_set	1GLY	('B_7_N', 'C_2_O')	0.07
tyroneP_set	3ILE	('B_7_OT1', 'C_2_N')	0.87
tyroneP_set	3ILE	('B_5_O', 'C_4_N')	0.53
tyroneP_set	3ILE	('B_3_O', 'C_6_N')	0.2
tyroneP_set	3ILE	('B_7_N', 'C_2_O')	0.68
tyroneP_set	3ILE	('B_5_N', 'C_4_O')	0.47
tyroneP_set	3ILE	('B_7_C', 'C_2_N')	0.08
tyroneP_set	3ILE	('B_3_N', 'C_6_O')	0.03
tyroneP_set	2THR	('B_7_OT1', 'C_2_N')	0.21
tyroneP_set	2THR	('B_5_O', 'C_4_N')	0.34
tyroneP_set	2THR	('B_3_O', 'C_6_N')	0.13
tyroneP_set	2THR	('B_7_N', 'C_2_O')	0.34
tyroneP_set	2THR	('B_5_N', 'C_4_O')	0.34
tyroneP_set	2THR	('B_3_N', 'C_6_O')	0.32
tyroneP_set	2THR	('B_7_C', 'C_2_N')	0.0
tyroneP_set	2THR	('B_7_OT2', 'C_2_N')	0.1
tyroneP_set	3VAL	('B_7_OT1', 'C_2_N')	0.86
tyroneP_set	3VAL	('B_5_O', 'C_4_N')	0.79
tyroneP_set	3VAL	('B_3_O', 'C_6_N')	0.43
tyroneP_set	3VAL	('B_5_N', 'C_4_O')	0.88
tyroneP_set	3VAL	('B_7_N', 'C_2_O')	0.85
tyroneP_set	3VAL	('B_3_N', 'C_6_O')	0.34
tyroneP_set	3VAL	('B_7_C', 'C_2_N')	0.04
tyroneP_set	3VAL	('B_2_CA', 'C_7_OT2')	0.0
tyrone_set3	1ALAGLY	('B_7_OT2', 'C_2_N')	0.59
tyrone_set3	1ALAGLY	('B_5_O', 'C_4_N')	0.54
tyrone_set3	1ALAGLY	('B_3_O', 'C_6_N')	0.46
tyrone_set3	1ALAGLY	('B_7_N', 'C_2_O')	0.86
tyrone_set3	1ALAGLY	('B_5_N', 'C_4_O')	0.58
tyrone_set3	1ALAGLY	('B_3_N', 'C_6_O')	0.29
tyrone_set3	1ALAGLY	('B_7_C', 'C_2_N')	0.04
tyrone_set3	1ALAGLY	('B_7_OT1', 'C_2_N')	0.15
tyrone_set3	1ALA	('B_7_OT2', 'C_2_N')	0.75
tyrone_set3	1ALA	('B_5_O', 'C_4_N')	0.75
tyrone_set3	1ALA	('B_3_O', 'C_6_N')	0.68
tyrone_set3	1ALA	('B_5_N', 'C_4_O')	0.79
tyrone_set3	1ALA	('B_3_N', 'C_6_O')	0.55
tyrone_set3	1ALA	('B_7_OT1', 'C_2_N')	0.04
tyrone_set3	1ALA	('B_7_N', 'C_2_O')	0.79
tyrone_set3	1ALA	('B_7_C', 'C_2_N')	0.7
tyrone_set3	2ASN	('B_7_OT1', 'C_2_N')	0.02
tyrone_set3	2ASN	('B_7_C', 'C_2_N')	0.15
tyrone_set3	2ASN	('B_5_O', 'C_4_N')	0.75
tyrone_set3	2ASN	('B_3_O', 'C_6_N')	0.59
tyrone_set3	2ASN	('B_7_N', 'C_2_O')	0.84
tyrone_set3	2ASN	('B_5_N', 'C_4_O')	0.43
tyrone_set3	2ASN	('B_3_N', 'C_6_O')	0.45
tyrone_set3	2ASN	('B_7_OT2', 'C_2_N')	0.91
tyrone_set3	1GLY	('B_7_OT2', 'C_2_N')	0.32
tyrone_set3	1GLY	('B_5_O', 'C_4_N')	0.45
tyrone_set3	1GLY	('B_3_O', 'C_6_N')	0.29
tyrone_set3	1GLY	('B_7_N', 'C_2_O')	0.63
tyrone_set3	1GLY	('B_5_N', 'C_4_O')	0.33
tyrone_set3	1GLY	('B_3_N', 'C_6_O')	0.01
tyrone_set3	1GLY	('B_7_C', 'C_2_N')	0.04
tyrone_set3	1GLY	('B_7_OT1', 'C_2_N')	0.49
tyrone_set3	1GLY	('B_7_N', 'C_2_C')	0.0
tyrone_set3	1GLY	('B_2_N', 'C_7_OT2')	0.01
tyrone_set3	1GLY	('B_2_N', 'C_7_C')	0.0
tyrone_set3	3ILE	('B_7_C', 'C_2_N')	0.02
tyrone_set3	3ILE	('B_7_OT2', 'C_2_N')	0.57
tyrone_set3	3ILE	('B_5_O', 'C_4_N')	0.61
tyrone_set3	3ILE	('B_3_O', 'C_6_N')	0.54
tyrone_set3	3ILE	('B_7_N', 'C_2_O')	0.84
tyrone_set3	3ILE	('B_5_N', 'C_4_O')	0.65
tyrone_set3	3ILE	('B_3_N', 'C_6_O')	0.41
tyrone_set3	3ILE	('B_7_OT1', 'C_2_N')	0.15
tyrone_set3	2THR	('B_7_OT1', 'C_2_N')	0.73
tyrone_set3	2THR	('B_5_O', 'C_4_N')	0.59
tyrone_set3	2THR	('B_3_O', 'C_6_N')	0.24
tyrone_set3	2THR	('B_5_N', 'C_4_O')	0.43
tyrone_set3	2THR	('B_3_N', 'C_6_O')	0.11
tyrone_set3	2THR	('B_7_N', 'C_2_O')	0.69
tyrone_set3	2THR	('B_7_C', 'C_2_N')	0.02
tyrone_set3	3VAL	('B_7_OT1', 'C_2_N')	0.94
tyrone_set3	3VAL	('B_5_O', 'C_4_N')	0.48
tyrone_set3	3VAL	('B_3_O', 'C_6_N')	0.08
tyrone_set3	3VAL	('B_7_N', 'C_2_O')	0.88
tyrone_set3	3VAL	('B_5_N', 'C_4_O')	0.41
tyrone_set3	3VAL	('B_3_N', 'C_6_O')	0.04
tyrone_set3	3VAL	('B_7_C', 'C_2_N')	0.03
